level	page_num	block_num	par_num	line_num	word_num	left	top	width	height	conf	text
1	1	0	0	0	0	0	0	3150	4950	-1	
2	1	1	0	0	0	2025	254	401	44	-1	
3	1	1	1	0	0	2025	254	401	44	-1	
4	1	1	1	1	0	2025	254	401	44	-1	
5	1	1	1	1	1	2025	254	401	44	32	USOO0D449645B1
2	1	2	0	0	0	340	422	2536	99	-1	
3	1	2	1	0	0	340	422	2536	99	-1	
4	1	2	1	1	0	340	422	2536	99	-1	
5	1	2	1	1	1	340	459	82	52	65	(>
5	1	2	1	1	2	451	422	289	78	96	United
5	1	2	1	1	3	781	422	251	78	96	States
5	1	2	1	1	4	1072	422	289	99	95	Design
5	1	2	1	1	5	1399	424	278	76	95	Patent
5	1	2	1	1	6	1728	459	82	52	73	(0
5	1	2	1	1	7	1839	449	186	51	95	Patent
5	1	2	1	1	8	2054	449	114	51	96	No.:
5	1	2	1	1	9	2369	440	97	60	91	US
5	1	2	1	1	10	2497	440	309	74	91	D449,645
5	1	2	1	1	11	2840	440	36	60	87	S
2	1	3	0	0	0	339	634	2540	7	-1	
3	1	3	1	0	0	339	634	2540	7	-1	
4	1	3	1	1	0	339	634	2540	7	-1	
5	1	3	1	1	1	339	634	2540	7	95	 
2	1	4	0	0	0	771	1411	639	5	-1	
3	1	4	1	0	0	771	1411	639	5	-1	
4	1	4	1	1	0	771	1411	639	5	-1	
5	1	4	1	1	1	771	1411	639	5	95	 
2	1	5	0	0	0	669	1478	707	6	-1	
3	1	5	1	0	0	669	1478	707	6	-1	
4	1	5	1	1	0	669	1478	707	6	-1	
5	1	5	1	1	1	669	1478	707	6	95	 
2	1	6	0	0	0	340	533	2539	1051	-1	
3	1	6	1	0	0	340	533	2536	360	-1	
4	1	6	1	1	0	449	533	2422	65	-1	
5	1	6	1	1	1	449	533	156	65	95	Gung
5	1	6	1	1	2	1728	545	82	52	90	(45)
5	1	6	1	1	3	1839	534	132	51	95	Date
5	1	6	1	1	4	1998	533	58	52	96	of
5	1	6	1	1	5	2075	534	204	51	94	Patent:
5	1	6	1	1	6	0	0	3150	4950	20	_
5	1	6	1	1	7	2377	558	60	32	43	#s
5	1	6	1	1	8	2502	533	117	52	90	Oct.
5	1	6	1	1	9	2640	533	81	65	94	23,
5	1	6	1	1	10	2742	533	129	52	96	2001
4	1	6	1	2	0	340	726	2536	52	-1	
5	1	6	1	2	1	340	726	82	52	82	(54)
5	1	6	1	2	2	476	727	195	39	96	BINDER
5	1	6	1	2	3	691	727	204	38	96	SYSTEM
5	1	6	1	2	4	1750	728	180	42	95	6,079,528
5	1	6	1	2	5	1962	729	15	17	84	*
5	1	6	1	2	6	2026	729	124	36	81	6/2000
5	1	6	1	2	7	2187	729	98	32	5	MOO
5	1	6	1	2	8	2308	755	400	6	0	......
5	1	6	1	2	9	2735	729	141	36	95	190/126
4	1	6	1	3	0	340	819	1734	74	-1	
5	1	6	1	3	1	340	841	82	52	85	(75)
5	1	6	1	3	2	476	844	180	36	82	Inventor:
5	1	6	1	3	3	711	842	236	50	88	Chi-Cheng
5	1	6	1	3	4	967	842	131	50	96	Gung,
5	1	6	1	3	5	1118	842	173	46	95	Stafford,
5	1	6	1	3	6	1310	844	66	36	95	TX
5	1	6	1	3	7	1394	841	97	52	95	(US)
5	1	6	1	3	8	1663	820	17	19	96	*
5	1	6	1	3	9	1703	819	96	38	96	cited
5	1	6	1	3	10	1817	819	50	49	96	by
5	1	6	1	3	11	1886	819	188	38	95	examiner
3	1	6	2	0	0	340	915	2539	669	-1	
4	1	6	2	1	0	555	915	1922	49	-1	
5	1	6	2	1	1	555	957	5	6	86	,
5	1	6	2	1	2	1657	916	171	48	93	Primary
5	1	6	2	1	3	1843	916	273	37	41	Examiner-P
5	1	6	2	1	4	2120	915	80	38	41	aula
5	1	6	2	1	5	2215	916	47	37	96	A.
5	1	6	2	1	6	2283	915	194	38	91	Mortimer
4	1	6	2	2	0	340	955	2383	71	-1	
5	1	6	2	2	1	340	955	82	53	95	(73)
5	1	6	2	2	2	475	958	194	48	91	Assignee:
5	1	6	2	2	3	709	957	151	49	91	Apego,
5	1	6	2	2	4	880	957	92	46	96	Inc.,
5	1	6	2	2	5	993	957	173	46	96	Stafford,
5	1	6	2	2	6	1186	958	65	37	96	TX
5	1	6	2	2	7	1270	955	95	53	96	(US)
5	1	6	2	2	8	1660	974	82	52	95	(74)
5	1	6	2	2	9	1764	977	185	48	95	Attorney,
5	1	6	2	2	10	1965	977	131	48	96	Agent,
5	1	6	2	2	11	2120	989	45	25	92	or
5	1	6	2	2	12	2180	976	314	38	87	Firm-Michael
5	1	6	2	2	13	2513	977	37	37	93	S.
5	1	6	2	2	14	2572	976	151	38	92	Neustel
4	1	6	2	3	0	340	1053	2015	66	-1	
5	1	6	2	3	1	340	1053	82	52	95	(**)
5	1	6	2	3	2	476	1056	113	36	75	Term:
5	1	6	2	3	3	713	1054	47	38	96	14
5	1	6	2	3	4	778	1054	120	38	96	Years
5	1	6	2	3	5	1660	1067	82	52	95	(57)
5	1	6	2	3	6	2184	1069	171	38	95	CLAIM
4	1	6	2	4	0	340	1166	2536	71	-1	
5	1	6	2	4	1	340	1185	82	52	95	(21)
5	1	6	2	4	2	0	0	3150	4950	67	-
5	1	6	2	4	3	475	1186	110	50	69	Appl.
5	1	6	2	4	4	605	1188	85	36	92	No.:
5	1	6	2	4	5	710	1186	228	48	91	29/137,122
5	1	6	2	4	6	1660	1166	77	38	95	The
5	1	6	2	4	7	1753	1166	227	38	94	ornamental
5	1	6	2	4	8	1996	1166	131	49	95	design
5	1	6	2	4	9	2142	1166	58	65	64	fpr
5	1	6	2	4	10	2217	1179	19	25	96	a
5	1	6	2	4	11	2251	1166	129	38	96	binder
5	1	6	2	4	12	2396	1172	151	43	95	system,
5	1	6	2	4	13	2565	1179	39	25	95	as
5	1	6	2	4	14	2619	1166	129	38	96	shown
5	1	6	2	4	15	2765	1166	38	38	96	in
5	1	6	2	4	16	2818	1166	58	38	96	the
4	1	6	2	5	0	358	1225	1890	96	-1	
5	1	6	2	5	1	358	1285	47	36	53	h
5	1	6	2	5	2	476	1284	101	37	34	Eiled
5	1	6	2	5	3	711	1284	81	37	94	Feb.
5	1	6	2	5	4	825	1284	45	37	90	12.
5	1	6	2	5	5	903	1284	99	37	91	2001
5	1	6	2	5	6	1662	1226	117	37	96	above
5	1	6	2	5	7	1799	1225	136	50	96	figures
5	1	6	2	5	8	1956	1225	69	38	96	and
5	1	6	2	5	9	2045	1226	203	37	96	described.
4	1	6	2	6	0	340	1282	2105	77	-1	
5	1	6	2	6	1	340	1282	82	52	91	(22)
5	1	6	2	6	2	505	1297	83	24	90	Filed:
5	1	6	2	6	3	0	0	3150	4950	37	_
5	1	6	2	6	4	742	1295	62	26	83	Feb.
5	1	6	2	6	5	874	1313	10	18	83	12,
5	1	6	2	6	6	2094	1320	351	39	96	DESCRIPTION
4	1	6	2	7	0	340	1378	2282	52	-1	
5	1	6	2	7	1	340	1378	82	52	92	(51)
5	1	6	2	7	2	476	1379	106	38	84	LOC
5	1	6	2	7	3	604	1379	53	47	94	(7)
5	1	6	2	7	4	677	1379	62	38	82	CI.
5	1	6	2	7	5	1443	1379	114	38	95	19-04
5	1	6	2	7	6	1832	1413	5	6	93	.
5	1	6	2	7	7	2270	1413	5	6	92	.
5	1	6	2	7	8	2381	1413	6	6	91	.
5	1	6	2	7	9	2616	1413	6	6	89	.
4	1	6	2	8	0	340	1413	2538	84	-1	
5	1	6	2	8	1	340	1445	82	52	93	(52)
5	1	6	2	8	2	476	1446	86	38	61	U.S.
5	1	6	2	8	3	582	1446	60	38	61	CL.
5	1	6	2	8	4	1408	1446	148	44	85	D19/26
5	1	6	2	8	5	1661	1414	89	37	95	FIG.
5	1	6	2	8	6	1772	1413	28	67	34	.1
5	1	6	2	8	7	1828	1426	31	25	96	is
5	1	6	2	8	8	1886	1426	45	25	95	an
5	1	6	2	8	9	1956	1426	115	36	96	upper
5	1	6	2	8	10	2096	1419	228	74	42	persjpectlve
5	1	6	2	8	11	2350	1426	99	25	96	view
5	1	6	2	8	12	2475	1413	42	38	96	of
5	1	6	2	8	13	2542	1426	19	25	96	a
5	1	6	2	8	14	2585	1413	128	38	96	binder
5	1	6	2	8	15	2739	1419	139	43	96	system
4	1	6	2	9	0	510	1474	1666	49	-1	
5	1	6	2	9	1	510	1513	7	9	45	.
5	1	6	2	9	2	1660	1474	171	49	96	showing
5	1	6	2	9	3	1850	1487	62	36	96	my
5	1	6	2	9	4	1931	1487	84	25	95	new
5	1	6	2	9	5	2033	1474	143	49	95	design;
4	1	6	2	10	0	340	1512	2539	72	-1	
5	1	6	2	10	1	340	1512	82	52	78	(58)
5	1	6	2	10	2	476	1513	106	38	95	Field
5	1	6	2	10	3	601	1513	45	38	92	of
5	1	6	2	10	4	662	1513	146	38	18	Se@@rCH
5	1	6	2	10	5	1234	1514	161	45	58	1319/26,
5	1	6	2	10	6	1416	1514	61	46	78	27,
5	1	6	2	10	7	1496	1514	61	45	73	32,
5	1	6	2	10	8	1661	1536	89	37	96	FIG.
5	1	6	2	10	9	1769	1535	23	38	96	2
5	1	6	2	10	10	1812	1535	31	38	95	is
5	1	6	2	10	11	1862	1548	19	25	96	a
5	1	6	2	10	12	1898	1541	62	43	84	top
5	1	6	2	10	13	1977	1535	98	38	96	view
5	1	6	2	10	14	2093	1535	42	38	95	of
5	1	6	2	10	15	2150	1535	59	38	96	the
5	1	6	2	10	16	2226	1535	129	38	96	binder
5	1	6	2	10	17	2373	1541	137	43	84	system
5	1	6	2	10	18	2529	1535	169	49	56	51,10“,ng
5	1	6	2	10	19	2716	1548	62	36	96	my
5	1	6	2	10	20	2796	1548	83	25	95	new
2	1	7	0	0	0	651	1575	906	166	-1	
3	1	7	1	0	0	651	1575	906	166	-1	
4	1	7	1	1	0	724	1575	833	46	-1	
5	1	7	1	1	1	724	1575	161	45	88	D19/33;
5	1	7	1	1	2	907	1575	162	46	90	D6/634;
5	1	7	1	1	3	1091	1575	162	45	91	D3/303,
5	1	7	1	1	4	1274	1575	85	45	93	900;
5	1	7	1	1	5	1383	1575	174	45	95	190/127,
4	1	7	1	2	0	651	1635	905	45	-1	
5	1	7	1	2	1	651	1635	83	45	96	126,
5	1	7	1	2	2	756	1635	85	45	96	901;
5	1	7	1	2	3	862	1635	176	45	95	206/424;
5	1	7	1	2	4	1059	1635	151	45	93	383/38;
5	1	7	1	2	5	1232	1635	151	45	94	229/72;
5	1	7	1	2	6	1405	1635	151	45	96	281/31;
4	1	7	1	3	0	1288	1696	269	45	-1	
5	1	7	1	3	1	1288	1696	150	45	93	402/79,
5	1	7	1	3	2	1458	1696	49	36	94	80
5	1	7	1	3	3	1526	1696	31	36	95	R
2	1	8	0	0	0	1660	1594	1218	231	-1	
3	1	8	1	0	0	1660	1594	143	50	-1	
4	1	8	1	1	0	1660	1594	143	50	-1	
5	1	8	1	1	1	1660	1594	143	50	96	design;
3	1	8	2	0	0	1660	1655	1217	109	-1	
4	1	8	2	1	0	1660	1655	1217	50	-1	
5	1	8	2	1	1	1660	1657	90	36	96	FIG.
5	1	8	2	1	2	1771	1655	23	38	96	3
5	1	8	2	1	3	1814	1655	33	38	95	is
5	1	8	2	1	4	1867	1668	19	25	96	a
5	1	8	2	1	5	1904	1656	143	37	96	bottom
5	1	8	2	1	6	2066	1655	99	38	96	view
5	1	8	2	1	7	2183	1655	43	38	90	of
5	1	8	2	1	8	2243	1655	58	38	96	the
5	1	8	2	1	9	2320	1655	129	38	96	binder
5	1	8	2	1	10	2468	1661	139	44	96	system
5	1	8	2	1	11	2626	1655	170	50	96	showing
5	1	8	2	1	12	2815	1668	62	37	96	my
4	1	8	2	2	0	1661	1715	243	49	-1	
5	1	8	2	2	1	1661	1728	82	25	95	new
5	1	8	2	2	2	1762	1715	142	49	93	design;
3	1	8	3	0	0	1661	1776	1217	49	-1	
4	1	8	3	1	0	1661	1776	1217	49	-1	
5	1	8	3	1	1	1661	1777	89	37	96	FIG.
5	1	8	3	1	2	1768	1776	23	38	96	4
5	1	8	3	1	3	1806	1776	33	38	96	is
5	1	8	3	1	4	1855	1789	19	25	96	a
5	1	8	3	1	5	1889	1776	94	49	95	right
5	1	8	3	1	6	1998	1776	79	38	96	side
5	1	8	3	1	7	2092	1776	98	38	96	view
5	1	8	3	1	8	2204	1776	43	38	96	of
5	1	8	3	1	9	2259	1776	60	38	95	the
5	1	8	3	1	10	2334	1776	129	38	96	binder
5	1	8	3	1	11	2478	1782	137	43	95	system
5	1	8	3	1	12	2630	1776	170	49	95	showing
5	1	8	3	1	13	2815	1789	63	36	96	my
2	1	9	0	0	0	340	1808	2538	566	-1	
3	1	9	1	0	0	340	1808	2538	566	-1	
4	1	9	1	1	0	340	1808	1563	52	-1	
5	1	9	1	1	1	340	1808	82	52	94	(56)
5	1	9	1	1	2	763	1809	235	38	96	References
5	1	9	1	1	3	1017	1809	116	38	96	Cited
5	1	9	1	1	4	1835	1835	68	19	60	hal.
4	1	9	1	2	0	1660	1835	244	50	-1	
5	1	9	1	2	1	1660	1848	83	25	96	new
5	1	9	1	2	2	1762	1835	142	50	96	design;
4	1	9	1	3	0	637	1896	2241	50	-1	
5	1	9	1	3	1	637	1906	87	37	95	U.S.
5	1	9	1	3	2	744	1906	184	37	96	PATENT
5	1	9	1	3	3	945	1906	313	37	86	DOCUMENTS
5	1	9	1	3	4	1660	1898	90	36	95	FIG.
5	1	9	1	3	5	1771	1898	21	36	96	5
5	1	9	1	3	6	1811	1896	32	38	96	is
5	1	9	1	3	7	1862	1909	19	25	96	a
5	1	9	1	3	8	1898	1896	66	38	96	left
5	1	9	1	3	9	1981	1896	78	38	96	side
5	1	9	1	3	10	2077	1896	99	38	96	view
5	1	9	1	3	11	2192	1896	44	38	95	of
5	1	9	1	3	12	2249	1896	60	38	96	the
5	1	9	1	3	13	2326	1896	130	38	96	binder
5	1	9	1	3	14	2472	1902	139	44	96	system
5	1	9	1	3	15	2627	1896	170	50	95	showing
5	1	9	1	3	16	2815	1909	63	37	95	my
4	1	9	1	4	0	640	1957	1264	64	-1	
5	1	9	1	4	1	640	2004	16	17	66	L
5	1	9	1	4	2	892	2002	6	6	68	,
5	1	9	1	4	3	1660	1970	83	25	96	new
5	1	9	1	4	4	1762	1957	142	50	96	design;
4	1	9	1	5	0	405	2004	2473	62	-1	
5	1	9	1	5	1	405	2004	40	32	94	D.
5	1	9	1	5	2	465	2004	143	41	94	383,492
5	1	9	1	5	3	704	2004	124	36	91	9/1997
5	1	9	1	5	4	0	0	3150	4950	30	-
5	1	9	1	5	5	865	2004	136	32	30	SIQ@MONM
5	1	9	1	5	6	1031	2030	186	6	3	..............cc
5	1	9	1	5	7	1224	2030	174	6	3	eee}.
5	1	9	1	5	8	1424	2004	133	36	88	D19/26
5	1	9	1	5	9	1661	2018	89	37	96	FIG.
5	1	9	1	5	10	1773	2017	21	38	96	6
5	1	9	1	5	11	1813	2017	33	38	96	is
5	1	9	1	5	12	1864	2030	20	25	96	a
5	1	9	1	5	13	1901	2017	143	38	96	bottom
5	1	9	1	5	14	2063	2017	71	38	96	end
5	1	9	1	5	15	2151	2017	100	38	96	view
5	1	9	1	5	16	2268	2017	43	38	93	of
5	1	9	1	5	17	2327	2017	58	38	96	the
5	1	9	1	5	18	2404	2017	130	38	96	binder
5	1	9	1	5	19	2551	2023	137	43	96	system
5	1	9	1	5	20	2708	2017	170	49	96	showing
4	1	9	1	6	0	405	2056	1674	60	-1	
5	1	9	1	6	1	405	2057	40	33	96	D.
5	1	9	1	6	2	465	2057	142	41	96	412,936
5	1	9	1	6	3	640	2058	16	17	88	*
5	1	9	1	6	4	704	2057	123	37	81	8/1999
5	1	9	1	6	5	865	2056	113	34	60	HOG@S
5	1	9	1	6	6	1009	2084	389	6	1	......
5	1	9	1	6	7	1424	2057	133	37	85	D19/26
5	1	9	1	6	8	1661	2091	36	25	96	my
5	1	9	1	6	9	1742	2091	84	25	93	new
5	1	9	1	6	10	1844	2078	142	38	90	desion:
5	1	9	1	6	11	2010	2078	69	38	96	and
4	1	9	1	7	0	405	2091	2339	61	-1	
5	1	9	1	7	1	405	2111	40	32	96	D.
5	1	9	1	7	2	465	2110	142	42	87	424,105
5	1	9	1	7	3	640	2112	16	16	53	*
5	1	9	1	7	4	704	2110	124	38	53	5/2000
5	1	9	1	7	5	865	2110	112	42	70	Platte,
5	1	9	1	7	6	994	2111	42	32	80	III
5	1	9	1	7	7	1063	2137	334	6	25	......
5	1	9	1	7	8	1424	2111	134	37	50	D19/27
5	1	9	1	7	9	1700	2091	23	36	95	y
5	1	9	1	7	10	1817	2137	5	6	93	new
5	1	9	1	7	11	1926	2091	61	36	8	ces1gN,
5	1	9	1	7	12	2083	2110	25	33	9	an,
5	1	9	1	7	13	2354	2137	6	6	68	.
5	1	9	1	7	14	2739	2137	5	6	72	.
4	1	9	1	8	0	405	2137	2473	66	-1	
5	1	9	1	8	1	405	2166	30	32	95	D.
5	1	9	1	8	2	465	2166	143	32	94	424.804
5	1	9	1	8	3	640	2167	16	17	73	*
5	1	9	1	8	4	704	2165	124	38	73	5/2000
5	1	9	1	8	5	865	2166	154	32	93	Isaacson
5	1	9	1	8	6	1424	2166	133	37	90	D3/303
5	1	9	1	8	7	1660	2139	90	36	95	FIG.
5	1	9	1	8	8	1771	2139	23	36	96	7
5	1	9	1	8	9	1813	2150	31	25	96	is
5	1	9	1	8	10	1864	2150	19	25	96	a
5	1	9	1	8	11	1901	2143	61	44	95	top
5	1	9	1	8	12	1983	2138	70	37	94	end
5	1	9	1	8	13	2071	2150	99	25	96	view
5	1	9	1	8	14	2188	2137	42	38	96	of
5	1	9	1	8	15	2247	2137	58	38	96	the
5	1	9	1	8	16	2323	2138	129	37	96	binder
5	1	9	1	8	17	2471	2143	139	44	96	system
5	1	9	1	8	18	2627	2137	170	50	95	showing
5	1	9	1	8	19	2815	2150	63	37	95	my
4	1	9	1	9	0	405	2198	1498	66	-1	
5	1	9	1	9	1	405	2220	40	32	95	D.
5	1	9	1	9	2	465	2219	142	42	93	435,863
5	1	9	1	9	3	640	2220	16	17	92	*
5	1	9	1	9	4	707	2220	119	37	83	1/2001
5	1	9	1	9	5	865	2219	168	45	76	Eskandry
5	1	9	1	9	6	1424	2220	134	37	87	D19/27
5	1	9	1	9	7	1660	2211	83	25	92	new
5	1	9	1	9	8	1762	2198	141	50	58	d651gn'
4	1	9	1	10	0	431	2274	1126	45	-1	
5	1	9	1	10	1	431	2274	174	42	95	2,018,551
5	1	9	1	10	2	640	2276	16	16	96	*
5	1	9	1	10	3	685	2274	142	38	73	10/1935
5	1	9	1	10	4	865	2274	128	45	57	FIEIIMQ
5	1	9	1	10	5	1020	2301	197	6	0	......
5	1	9	1	10	6	1224	2301	163	6	9	eee}
5	1	9	1	10	7	1412	2275	145	37	95	206/424
4	1	9	1	11	0	431	2325	2134	49	-1	
5	1	9	1	11	1	431	2328	176	42	95	2,581,763
5	1	9	1	11	2	640	2329	16	17	83	*
5	1	9	1	11	3	707	2328	121	37	70	1/1952
5	1	9	1	11	4	1414	2329	142	36	91	190/901
5	1	9	1	11	5	1976	2325	20	38	95	1
5	1	9	1	11	6	2017	2325	143	48	95	Claim,
5	1	9	1	11	7	2180	2326	22	37	96	5
5	1	9	1	11	8	2222	2325	188	49	96	Drawing
5	1	9	1	11	9	2430	2325	135	38	96	Sheets
2	1	10	0	0	0	486	2477	2363	1290	-1	
3	1	10	1	0	0	486	2477	2363	1290	-1	
4	1	10	1	1	0	486	2477	2363	1290	-1	
5	1	10	1	1	1	486	2477	2363	1290	95	 
1	2	0	0	0	0	0	0	3150	4950	-1	
2	2	1	0	0	0	341	314	2535	91	-1	
3	2	1	1	0	0	341	314	2535	91	-1	
4	2	1	1	1	0	341	314	2535	91	-1	
5	2	1	1	1	1	341	314	173	77	77	U.S.
5	2	1	1	1	2	555	315	279	76	96	Patent
5	2	1	1	1	3	1039	338	117	53	96	Oct.
5	2	1	1	1	4	1178	338	81	65	96	23,
5	2	1	1	1	5	1280	338	129	53	96	2001
5	2	1	1	1	6	1595	338	154	53	96	Sheet
5	2	1	1	1	7	1776	338	26	51	96	1
5	2	1	1	1	8	1832	338	58	53	96	of
5	2	1	1	1	9	1909	341	30	50	96	5
5	2	1	1	1	10	2369	331	97	60	91	US
5	2	1	1	1	11	2497	331	309	74	91	D449,645
5	2	1	1	1	12	2840	331	36	60	88	S
2	2	2	0	0	0	579	3761	132	43	-1	
3	2	2	1	0	0	579	3761	132	43	-1	
4	2	2	1	1	0	579	3761	132	43	-1	
5	2	2	1	1	1	579	3761	132	43	82	1
2	2	3	0	0	0	1029	649	1716	3611	-1	
3	2	3	1	0	0	1029	649	1716	3611	-1	
4	2	3	1	1	0	1029	649	1716	3611	-1	
5	2	3	1	1	1	1029	649	1716	3611	95	 
2	2	4	0	0	0	745	3703	6	669	-1	
3	2	4	1	0	0	745	3703	6	669	-1	
4	2	4	1	1	0	745	3703	6	669	-1	
5	2	4	1	1	1	745	3703	6	669	95	 
2	2	5	0	0	0	579	3980	132	365	-1	
3	2	5	1	0	0	579	3980	132	365	-1	
4	2	5	1	1	0	579	3980	132	365	-1	
5	2	5	1	1	1	579	4250	130	95	41	-
5	2	5	1	1	2	579	3980	132	227	63	1G.
1	3	0	0	0	0	0	0	3150	4950	-1	
2	3	1	0	0	0	325	320	2534	86	-1	
3	3	1	1	0	0	325	320	2534	86	-1	
4	3	1	1	1	0	325	320	2534	86	-1	
5	3	1	1	1	1	325	323	174	77	92	U.S.
5	3	1	1	1	2	538	323	279	76	94	Patent
5	3	1	1	1	3	1022	342	119	52	96	Oct.
5	3	1	1	1	4	1161	340	83	66	96	23,
5	3	1	1	1	5	1263	339	129	54	96	2001
5	3	1	1	1	6	1578	337	154	53	96	Sheet
5	3	1	1	1	7	1756	336	30	51	95	2
5	3	1	1	1	8	1816	336	58	52	96	of
5	3	1	1	1	9	1892	337	30	50	96	5
5	3	1	1	1	10	2352	323	97	61	93	US
5	3	1	1	1	11	2480	322	309	74	86	D449,645
5	3	1	1	1	12	2823	320	36	60	93	S
2	3	2	0	0	0	926	1298	31	29	-1	
3	3	2	1	0	0	926	1298	31	29	-1	
4	3	2	1	1	0	926	1298	31	29	-1	
5	3	2	1	1	1	926	1298	31	29	58	~>
2	3	3	0	0	0	2604	1762	7	630	-1	
3	3	3	1	0	0	2604	1762	7	630	-1	
4	3	3	1	1	0	2604	1762	7	630	-1	
5	3	3	1	1	1	2604	1762	7	630	95	 
2	3	4	0	0	0	973	1785	8	637	-1	
3	3	4	1	0	0	973	1785	8	637	-1	
4	3	4	1	1	0	973	1785	8	637	-1	
5	3	4	1	1	1	973	1785	8	637	95	 
2	3	5	0	0	0	1470	2567	601	7	-1	
3	3	5	1	0	0	1470	2567	601	7	-1	
4	3	5	1	1	0	1470	2567	601	7	-1	
5	3	5	1	1	1	1470	2567	601	7	95	 
2	3	6	0	0	0	2632	1417	10	1245	-1	
3	3	6	1	0	0	2632	1417	10	1245	-1	
4	3	6	1	1	0	2632	1417	10	1245	-1	
5	3	6	1	1	1	2632	1417	10	1245	95	 
2	3	7	0	0	0	882	1321	52	1372	-1	
3	3	7	1	0	0	882	1321	52	1372	-1	
4	3	7	1	1	0	915	1321	19	19	-1	
5	3	7	1	1	1	915	1321	19	19	91	~
4	3	7	1	2	0	899	1335	24	35	-1	
5	3	7	1	2	1	899	1335	24	35	60	3
4	3	7	1	3	0	893	1372	16	16	-1	
5	3	7	1	3	1	893	1372	16	16	90	~
4	3	7	1	4	0	889	1392	14	16	-1	
5	3	7	1	4	1	889	1392	14	16	88	~
4	3	7	1	5	0	886	1414	14	17	-1	
5	3	7	1	5	1	886	1414	14	17	69	~
4	3	7	1	6	0	886	1439	14	16	-1	
5	3	7	1	6	1	886	1439	14	16	69	b
4	3	7	1	7	0	887	1463	13	17	-1	
5	3	7	1	7	1	887	1463	13	17	38	RJ
4	3	7	1	8	0	889	1491	12	16	-1	
5	3	7	1	8	1	889	1491	12	16	58	i
4	3	7	1	9	0	890	1515	11	15	-1	
5	3	7	1	9	1	890	1515	11	15	75	N
4	3	7	1	10	0	882	1541	19	18	-1	
5	3	7	1	10	1	882	1541	19	18	70	.N
4	3	7	1	11	0	889	1564	12	17	-1	
5	3	7	1	11	1	889	1564	12	17	68	W
4	3	7	1	12	0	888	1588	13	16	-1	
5	3	7	1	12	1	888	1588	13	16	49	Au
4	3	7	1	13	0	888	1610	15	20	-1	
5	3	7	1	13	1	888	1610	15	20	76	~
4	3	7	1	14	0	886	1635	15	19	-1	
5	3	7	1	14	1	886	1635	15	19	52	Wi
4	3	7	1	15	0	886	1659	16	19	-1	
5	3	7	1	15	1	886	1659	16	19	87	A
4	3	7	1	16	0	888	1684	15	19	-1	
5	3	7	1	16	1	888	1684	15	19	40	o
4	3	7	1	17	0	888	1710	16	19	-1	
5	3	7	1	17	1	888	1710	16	19	81	~
4	3	7	1	18	0	888	1735	15	18	-1	
5	3	7	1	18	1	888	1735	15	18	74	~
4	3	7	1	19	0	888	1760	15	20	-1	
5	3	7	1	19	1	888	1760	15	20	54	bi
4	3	7	1	20	0	889	1786	14	17	-1	
5	3	7	1	20	1	889	1786	14	17	82	A
4	3	7	1	21	0	889	1811	15	18	-1	
5	3	7	1	21	1	889	1811	15	18	71	A
4	3	7	1	22	0	889	1835	14	18	-1	
5	3	7	1	22	1	889	1835	14	18	59	%
4	3	7	1	23	0	889	1861	15	18	-1	
5	3	7	1	23	1	889	1861	15	18	82	~
4	3	7	1	24	0	890	1886	14	17	-1	
5	3	7	1	24	1	890	1886	14	17	85	N
4	3	7	1	25	0	890	1912	14	17	-1	
5	3	7	1	25	1	890	1912	14	17	78	N
4	3	7	1	26	0	890	1937	14	17	-1	
5	3	7	1	26	1	890	1937	14	17	76	N
4	3	7	1	27	0	890	1962	15	17	-1	
5	3	7	1	27	1	890	1962	15	17	26	A
4	3	7	1	28	0	890	1986	14	18	-1	
5	3	7	1	28	1	890	1986	14	18	69	A
4	3	7	1	29	0	890	2011	15	19	-1	
5	3	7	1	29	1	890	2011	15	19	62	~
4	3	7	1	30	0	890	2037	15	17	-1	
5	3	7	1	30	1	890	2037	15	17	55	ho
4	3	7	1	31	0	892	2062	13	17	-1	
5	3	7	1	31	1	892	2062	13	17	73	~
4	3	7	1	32	0	892	2087	13	15	-1	
5	3	7	1	32	1	892	2087	13	15	76	N
4	3	7	1	33	0	892	2110	13	18	-1	
5	3	7	1	33	1	892	2110	13	18	67	~
4	3	7	1	34	0	892	2136	13	17	-1	
5	3	7	1	34	1	892	2136	13	17	34	RJ
4	3	7	1	35	0	892	2161	13	17	-1	
5	3	7	1	35	1	892	2161	13	17	69	N
4	3	7	1	36	0	892	2185	13	18	-1	
5	3	7	1	36	1	892	2185	13	18	65	N
4	3	7	1	37	0	890	2209	15	18	-1	
5	3	7	1	37	1	890	2209	15	18	74	&
4	3	7	1	38	0	890	2233	17	19	-1	
5	3	7	1	38	1	890	2233	17	19	80	N
4	3	7	1	39	0	890	2258	17	20	-1	
5	3	7	1	39	1	890	2258	17	20	80	A
4	3	7	1	40	0	890	2283	17	19	-1	
5	3	7	1	40	1	890	2283	17	19	80	A
4	3	7	1	41	0	890	2307	17	20	-1	
5	3	7	1	41	1	890	2307	17	20	69	A
4	3	7	1	42	0	890	2332	17	20	-1	
5	3	7	1	42	1	890	2332	17	20	84	A
4	3	7	1	43	0	890	2358	17	19	-1	
5	3	7	1	43	1	890	2358	17	19	66	he
4	3	7	1	44	0	890	2383	17	20	-1	
5	3	7	1	44	1	890	2383	17	20	75	A
4	3	7	1	45	0	890	2407	18	21	-1	
5	3	7	1	45	1	890	2407	18	21	55	We
4	3	7	1	46	0	892	2434	16	18	-1	
5	3	7	1	46	1	892	2434	16	18	38	s
4	3	7	1	47	0	892	2458	16	20	-1	
5	3	7	1	47	1	892	2458	16	20	71	~
4	3	7	1	48	0	893	2485	15	20	-1	
5	3	7	1	48	1	893	2485	15	20	88	A
4	3	7	1	49	0	892	2511	16	17	-1	
5	3	7	1	49	1	892	2511	16	17	67	ho
4	3	7	1	50	0	893	2537	15	17	-1	
5	3	7	1	50	1	893	2537	15	17	63	W
4	3	7	1	51	0	894	2563	14	17	-1	
5	3	7	1	51	1	894	2563	14	17	85	A
4	3	7	1	52	0	894	2588	14	15	-1	
5	3	7	1	52	1	894	2588	14	15	65	N
4	3	7	1	53	0	896	2612	13	16	-1	
5	3	7	1	53	1	896	2612	13	16	42	bu
4	3	7	1	54	0	896	2638	14	18	-1	
5	3	7	1	54	1	896	2638	14	18	67	~
4	3	7	1	55	0	899	2665	23	28	-1	
5	3	7	1	55	1	899	2665	23	28	90	A
2	3	8	0	0	0	2661	1388	32	1313	-1	
3	3	8	1	0	0	2661	1388	32	1313	-1	
4	3	8	1	1	0	2661	1388	32	1313	-1	
5	3	8	1	1	1	2661	1388	32	1313	68	///////////////////////////////l/l/l/I/I/I/I/I/II/II/
2	3	9	0	0	0	1308	2707	929	9	-1	
3	3	9	1	0	0	1308	2707	929	9	-1	
4	3	9	1	1	0	1308	2707	929	9	-1	
5	3	9	1	1	1	1308	2707	929	9	95	 
2	3	10	0	0	0	2647	2701	27	29	-1	
3	3	10	1	0	0	2647	2701	27	29	-1	
4	3	10	1	1	0	2647	2701	27	29	-1	
5	3	10	1	1	1	2647	2701	27	29	7	«#
2	3	11	0	0	0	1143	2724	1439	9	-1	
3	3	11	1	0	0	1143	2724	1439	9	-1	
4	3	11	1	1	0	1143	2724	1439	9	-1	
5	3	11	1	1	1	1143	2724	1439	9	95	 
2	3	12	0	0	0	870	1137	1845	1732	-1	
3	3	12	1	0	0	870	1137	1845	1732	-1	
4	3	12	1	1	0	870	1137	1845	1732	-1	
5	3	12	1	1	1	870	1137	1845	1732	95	 
2	3	13	0	0	0	379	3279	124	89	-1	
3	3	13	1	0	0	379	3279	124	89	-1	
4	3	13	1	1	0	379	3279	124	89	-1	
5	3	13	1	1	1	379	3279	124	89	67	2
2	3	14	0	0	0	527	3228	9	667	-1	
3	3	14	1	0	0	527	3228	9	667	-1	
4	3	14	1	1	0	527	3228	9	667	-1	
5	3	14	1	1	1	527	3228	9	667	95	 
2	3	15	0	0	0	380	3535	127	344	-1	
3	3	15	1	0	0	380	3535	127	344	-1	
4	3	15	1	1	0	380	3535	127	344	-1	
5	3	15	1	1	1	382	3792	121	87	45	m
5	3	15	1	1	2	380	3535	127	216	34	[G.
1	4	0	0	0	0	0	0	3150	4950	-1	
2	4	1	0	0	0	322	319	2535	89	-1	
3	4	1	1	0	0	322	319	2535	89	-1	
4	4	1	1	1	0	322	319	2535	89	-1	
5	4	1	1	1	1	322	327	173	78	84	U.S.
5	4	1	1	1	2	536	327	278	75	95	Patent
5	4	1	1	1	3	1020	346	117	52	95	Oct.
5	4	1	1	1	4	1158	344	82	64	96	23,
5	4	1	1	1	5	1260	341	130	54	96	2001
5	4	1	1	1	6	1576	340	154	52	96	Sheet
5	4	1	1	1	7	1753	338	31	53	96	3
5	4	1	1	1	8	1813	337	58	52	96	of
5	4	1	1	1	9	1890	340	30	49	96	5
5	4	1	1	1	10	2350	324	96	59	93	US
5	4	1	1	1	11	2478	321	308	74	81	D449,645
5	4	1	1	1	12	2820	319	37	60	93	S
2	4	2	0	0	0	1389	1255	1263	30	-1	
3	4	2	1	0	0	1389	1255	1263	30	-1	
4	4	2	1	1	0	1389	1255	1263	30	-1	
5	4	2	1	1	1	1389	1255	1263	30	95	 
2	4	3	0	0	0	1345	1280	955	23	-1	
3	4	3	1	0	0	1345	1280	955	23	-1	
4	4	3	1	1	0	1345	1280	955	23	-1	
5	4	3	1	1	1	1345	1280	955	23	95	 
2	4	4	0	0	0	2723	1259	33	58	-1	
3	4	4	1	0	0	2723	1259	33	58	-1	
4	4	4	1	1	0	2723	1259	16	26	-1	
5	4	4	1	1	1	2723	1259	16	26	57	N.
4	4	4	1	2	0	2733	1272	23	45	-1	
5	4	4	1	2	1	2733	1272	23	45	54	\*/
2	4	5	0	0	0	1513	1429	618	15	-1	
3	4	5	1	0	0	1513	1429	618	15	-1	
4	4	5	1	1	0	1513	1429	618	15	-1	
5	4	5	1	1	1	1513	1429	618	15	95	 
2	4	6	0	0	0	1008	1587	11	654	-1	
3	4	6	1	0	0	1008	1587	11	654	-1	
4	4	6	1	1	0	1008	1587	11	654	-1	
5	4	6	1	1	1	1008	1587	11	654	95	 
2	4	7	0	0	0	2678	1348	19	915	-1	
3	4	7	1	0	0	2678	1348	19	915	-1	
4	4	7	1	1	0	2678	1348	19	915	-1	
5	4	7	1	1	1	2678	1348	19	915	95	 
2	4	8	0	0	0	2710	1342	20	1293	-1	
3	4	8	1	0	0	2710	1342	20	1293	-1	
4	4	8	1	1	0	2710	1342	20	1293	-1	
5	4	8	1	1	1	2710	1342	20	1293	95	 
2	4	9	0	0	0	2750	1317	36	1340	-1	
3	4	9	1	0	0	2750	1317	36	1340	-1	
4	4	9	1	1	0	2750	1317	36	1340	-1	
5	4	9	1	1	1	2754	2620	31	37	5	S
5	4	9	1	1	2	2750	1317	13	19	31	D
2	4	10	0	0	0	912	1310	59	1395	-1	
3	4	10	1	0	0	912	1310	59	1395	-1	
4	4	10	1	1	0	919	1310	29	29	-1	
5	4	10	1	1	1	919	1310	29	29	53	'/
4	4	10	1	2	0	922	1348	16	20	-1	
5	4	10	1	2	1	922	1348	16	20	76	/
4	4	10	1	3	0	921	1375	16	18	-1	
5	4	10	1	3	1	921	1375	16	18	82	a
4	4	10	1	4	0	921	1400	16	19	-1	
5	4	10	1	4	1	921	1400	16	19	29	a
4	4	10	1	5	0	921	1428	14	17	-1	
5	4	10	1	5	1	921	1428	14	17	72	#
4	4	10	1	6	0	921	1451	16	20	-1	
5	4	10	1	6	1	921	1451	16	20	37	#
4	4	10	1	7	0	921	1477	16	20	-1	
5	4	10	1	7	1	921	1477	16	20	60	A
4	4	10	1	8	0	922	1503	16	20	-1	
5	4	10	1	8	1	922	1503	16	20	51	¢
4	4	10	1	9	0	921	1528	17	20	-1	
5	4	10	1	9	1	921	1528	17	20	44	4
4	4	10	1	10	0	919	1554	19	22	-1	
5	4	10	1	10	1	919	1554	19	22	20	A
4	4	10	1	11	0	912	1580	26	20	-1	
5	4	10	1	11	1	912	1580	26	20	68	'/
4	4	10	1	12	0	919	1606	18	20	-1	
5	4	10	1	12	1	919	1606	18	20	30	C
4	4	10	1	13	0	921	1632	17	21	-1	
5	4	10	1	13	1	921	1632	17	21	76	6
4	4	10	1	14	0	922	1658	16	19	-1	
5	4	10	1	14	1	922	1658	16	19	63	a
4	4	10	1	15	0	921	1683	17	19	-1	
5	4	10	1	15	1	921	1683	17	19	54	#
4	4	10	1	16	0	921	1709	17	18	-1	
5	4	10	1	16	1	921	1709	17	18	78	a
4	4	10	1	17	0	922	1734	16	20	-1	
5	4	10	1	17	1	922	1734	16	20	36	A
4	4	10	1	18	0	915	1759	23	20	-1	
5	4	10	1	18	1	915	1759	23	20	42	.#
4	4	10	1	19	0	925	1785	13	19	-1	
5	4	10	1	19	1	925	1785	13	19	75	a
4	4	10	1	20	0	925	1809	14	19	-1	
5	4	10	1	20	1	925	1809	14	19	62	/
4	4	10	1	21	0	925	1836	14	17	-1	
5	4	10	1	21	1	925	1836	14	17	94	#
4	4	10	1	22	0	918	1861	21	18	-1	
5	4	10	1	22	1	918	1861	21	18	15	a
4	4	10	1	23	0	925	1886	14	19	-1	
5	4	10	1	23	1	925	1886	14	19	64	7
4	4	10	1	24	0	925	1911	14	20	-1	
5	4	10	1	24	1	925	1911	14	20	45	j
4	4	10	1	25	0	926	1939	13	18	-1	
5	4	10	1	25	1	926	1939	13	18	77	¢
4	4	10	1	26	0	926	1963	15	19	-1	
5	4	10	1	26	1	926	1963	15	19	50	/
4	4	10	1	27	0	919	1990	22	18	-1	
5	4	10	1	27	1	919	1990	22	18	86	'a
4	4	10	1	28	0	926	2016	15	17	-1	
5	4	10	1	28	1	926	2016	15	17	73	L
4	4	10	1	29	0	926	2042	13	17	-1	
5	4	10	1	29	1	926	2042	13	17	89	#
4	4	10	1	30	0	926	2067	13	17	-1	
5	4	10	1	30	1	926	2067	13	17	69	/
4	4	10	1	31	0	927	2093	14	18	-1	
5	4	10	1	31	1	927	2093	14	18	62	a
4	4	10	1	32	0	927	2119	14	17	-1	
5	4	10	1	32	1	927	2119	14	17	64	/
4	4	10	1	33	0	927	2145	14	17	-1	
5	4	10	1	33	1	927	2145	14	17	91	/
4	4	10	1	34	0	926	2170	15	18	-1	
5	4	10	1	34	1	926	2170	15	18	58	#
4	4	10	1	35	0	926	2197	15	18	-1	
5	4	10	1	35	1	926	2197	15	18	66	#
4	4	10	1	36	0	926	2221	15	19	-1	
5	4	10	1	36	1	926	2221	15	19	65	/
4	4	10	1	37	0	927	2248	15	18	-1	
5	4	10	1	37	1	927	2248	15	18	76	#
4	4	10	1	38	0	921	2271	21	20	-1	
5	4	10	1	38	1	921	2271	21	20	14	#
4	4	10	1	39	0	927	2297	15	20	-1	
5	4	10	1	39	1	927	2297	15	20	59	4
4	4	10	1	40	0	926	2324	16	19	-1	
5	4	10	1	40	1	926	2324	16	19	54	A
4	4	10	1	41	0	927	2348	15	20	-1	
5	4	10	1	41	1	927	2348	15	20	50	a
4	4	10	1	42	0	928	2374	14	19	-1	
5	4	10	1	42	1	928	2374	14	19	71	a
4	4	10	1	43	0	929	2399	15	19	-1	
5	4	10	1	43	1	929	2399	15	19	54	/
4	4	10	1	44	0	930	2426	14	17	-1	
5	4	10	1	44	1	930	2426	14	17	72	Ld
4	4	10	1	45	0	930	2451	14	16	-1	
5	4	10	1	45	1	930	2451	14	16	62	#4
4	4	10	1	46	0	931	2477	13	16	-1	
5	4	10	1	46	1	931	2477	13	16	30	a
4	4	10	1	47	0	933	2505	11	14	-1	
5	4	10	1	47	1	933	2505	11	14	69	4
4	4	10	1	48	0	934	2530	10	14	-1	
5	4	10	1	48	1	934	2530	10	14	69	U
4	4	10	1	49	0	931	2557	14	16	-1	
5	4	10	1	49	1	931	2557	14	16	58	Z
4	4	10	1	50	0	931	2581	14	17	-1	
5	4	10	1	50	1	931	2581	14	17	77	/
4	4	10	1	51	0	931	2607	15	17	-1	
5	4	10	1	51	1	931	2607	15	17	82	L
4	4	10	1	52	0	926	2630	28	38	-1	
5	4	10	1	52	1	926	2630	28	38	84	C
4	4	10	1	53	0	944	2666	27	39	-1	
5	4	10	1	53	1	944	2666	27	39	85	C
2	4	11	0	0	0	960	2698	33	35	-1	
3	4	11	1	0	0	960	2698	33	35	-1	
4	4	11	1	1	0	960	2698	33	35	-1	
5	4	11	1	1	1	960	2698	33	35	31	Cad
2	4	12	0	0	0	891	1124	1916	1786	-1	
3	4	12	1	0	0	891	1124	1916	1786	-1	
4	4	12	1	1	0	891	1124	1916	1786	-1	
5	4	12	1	1	1	891	1124	1916	1786	95	 
2	4	13	0	0	0	447	3318	117	83	-1	
3	4	13	1	0	0	447	3318	117	83	-1	
4	4	13	1	1	0	447	3318	117	83	-1	
5	4	13	1	1	1	447	3318	117	83	95	3
2	4	14	0	0	0	450	3562	118	330	-1	
3	4	14	1	0	0	450	3562	118	330	-1	
4	4	14	1	1	0	450	3562	118	330	-1	
5	4	14	1	1	1	453	3809	114	83	78	-
5	4	14	1	1	2	450	3562	118	206	81	1G.
2	4	15	0	0	0	581	3281	9	623	-1	
3	4	15	1	0	0	581	3281	9	623	-1	
4	4	15	1	1	0	581	3281	9	623	-1	
5	4	15	1	1	1	581	3281	9	623	95	 
2	4	16	0	0	0	581	3281	11	623	-1	
3	4	16	1	0	0	581	3281	11	623	-1	
4	4	16	1	1	0	581	3281	11	623	-1	
5	4	16	1	1	1	581	3281	11	623	95	 
1	5	0	0	0	0	0	0	3150	4950	-1	
2	5	1	0	0	0	482	1394	550	2278	-1	
3	5	1	1	0	0	482	1394	550	2278	-1	
4	5	1	1	1	0	482	1394	550	2278	-1	
5	5	1	1	1	1	482	1394	550	2278	95	 
2	5	2	0	0	0	1198	4950	1952	0	-1	
3	5	2	1	0	0	1198	4950	1952	0	-1	
4	5	2	1	1	0	1198	4950	25	0	-1	
5	5	2	1	1	1	1198	4950	25	0	95	   
4	5	2	1	2	0	3150	4950	0	0	-1	
5	5	2	1	2	1	3150	4950	0	0	95	    
2	5	3	0	0	0	1192	4950	21	0	-1	
3	5	3	1	0	0	1192	4950	21	0	-1	
4	5	3	1	1	0	1192	4950	8	0	-1	
5	5	3	1	1	1	1192	4950	8	0	95	 
4	5	3	1	2	0	1196	4950	17	0	-1	
5	5	3	1	2	1	1196	4950	17	0	95	    
2	5	4	0	0	0	583	1330	143	2400	-1	
3	5	4	1	0	0	583	1330	143	2400	-1	
4	5	4	1	1	0	583	1330	143	2400	-1	
5	5	4	1	1	1	664	3707	21	23	52	ay
5	5	4	1	1	2	583	3537	108	70	64	[~
5	5	4	1	1	3	618	1330	108	105	41	\p,
2	5	5	0	0	0	666	1337	108	2415	-1	
3	5	5	1	0	0	666	1355	36	2365	-1	
4	5	5	1	1	0	666	1355	15	14	-1	
5	5	5	1	1	1	666	1355	15	14	95	#
4	5	5	1	2	0	687	1510	15	2210	-1	
5	5	5	1	2	1	687	3706	15	14	67	%
5	5	5	1	2	2	691	1510	4	36	35	pa
3	5	5	2	0	0	702	1337	72	2415	-1	
4	5	5	2	1	0	702	3687	20	42	-1	
5	5	5	2	1	1	702	3687	20	42	41	Ed
4	5	5	2	2	0	706	1337	42	2415	-1	
5	5	5	2	2	1	706	1337	42	2415	43	\V//\\\\~\.\\s\\\\\\.\\\\\\\\\\\.\\\\\\\\\\\\.\.\.\\\\\\\\\\\\.\\\\\\\\\\\\\.\\.\x\\\\~\\\ﬁ6¢
4	5	5	2	3	0	753	1391	21	2303	-1	
5	5	5	2	3	1	753	1391	21	2303	43	\\\\\\\\\\\\~\\\\\\\\\\\\\.\\\\\-\\\\\\\\\.\\\\\\\\\\\\\\\\\\\\\\\\\\\\\\\\\\\\\\\\\\\\\.\\\\\\\\\\\\\\\\\\\\\\\1\\\\\\\\.\\\\\\\\\~\\\\\.\\\\\\\\\.\\\\\\\\N\\\\\\\\\\\\\\\\\NN\\\\\\\
2	5	6	0	0	0	766	1343	76	2384	-1	
3	5	6	1	0	0	766	1343	76	2384	-1	
4	5	6	1	1	0	766	1343	76	2384	-1	
5	5	6	1	1	1	783	3723	4	4	33	R
5	5	6	1	1	2	766	1343	76	2361	61	/,///////////////////////////////////////////////////////////////////xz4/6,
2	5	7	0	0	0	975	2301	7	511	-1	
3	5	7	1	0	0	975	2301	7	511	-1	
4	5	7	1	1	0	975	2301	7	511	-1	
5	5	7	1	1	1	975	2301	7	511	95	 
2	5	8	0	0	0	1395	2210	8	643	-1	
3	5	8	1	0	0	1395	2210	8	643	-1	
4	5	8	1	1	0	1395	2210	8	643	-1	
5	5	8	1	1	1	1395	2210	8	643	95	 
2	5	9	0	0	0	1840	1529	34	2036	-1	
3	5	9	1	0	0	1840	1529	34	2036	-1	
4	5	9	1	1	0	1840	1529	34	2036	-1	
5	5	9	1	1	1	1840	1529	34	2036	95	 
2	5	10	0	0	0	2051	2916	32	770	-1	
3	5	10	1	0	0	2051	2916	32	770	-1	
4	5	10	1	1	0	2051	2916	32	770	-1	
5	5	10	1	1	1	2051	2916	32	770	95	 
2	5	11	0	0	0	2054	1413	36	1384	-1	
3	5	11	1	0	0	2054	1413	36	1384	-1	
4	5	11	1	1	0	2054	1413	36	1384	-1	
5	5	11	1	1	1	2054	1413	36	1384	95	 
2	5	12	0	0	0	1844	1242	576	2559	-1	
3	5	12	1	0	0	1844	1242	576	2559	-1	
4	5	12	1	1	0	1844	1242	576	2559	-1	
5	5	12	1	1	1	1844	1242	576	2559	95	 
2	5	13	0	0	0	2777	2219	9	643	-1	
3	5	13	1	0	0	2777	2219	9	643	-1	
4	5	13	1	1	0	2777	2219	9	643	-1	
5	5	13	1	1	1	2777	2219	9	643	95	 
2	5	14	0	0	0	341	314	493	77	-1	
3	5	14	1	0	0	341	314	493	77	-1	
4	5	14	1	1	0	341	314	493	77	-1	
5	5	14	1	1	1	341	314	173	77	52	U.S.
5	5	14	1	1	2	555	315	279	76	94	Patent
2	5	15	0	0	0	1039	338	370	65	-1	
3	5	15	1	0	0	1039	338	370	65	-1	
4	5	15	1	1	0	1039	338	370	65	-1	
5	5	15	1	1	1	1039	338	117	53	95	Oct.
5	5	15	1	1	2	1178	338	81	65	96	23,
5	5	15	1	1	3	1280	338	129	53	95	2001
2	5	16	0	0	0	1595	338	344	53	-1	
3	5	16	1	0	0	1595	338	344	53	-1	
4	5	16	1	1	0	1595	338	344	53	-1	
5	5	16	1	1	1	1595	338	154	53	96	Sheet
5	5	16	1	1	2	1773	338	32	51	96	4
5	5	16	1	1	3	1832	338	58	53	95	of
5	5	16	1	1	4	1909	341	30	50	96	5
2	5	17	0	0	0	2369	331	507	74	-1	
3	5	17	1	0	0	2369	331	507	74	-1	
4	5	17	1	1	0	2369	331	507	74	-1	
5	5	17	1	1	1	2369	331	97	60	92	US
5	5	17	1	1	2	2497	331	309	74	88	D449,645
5	5	17	1	1	3	2840	331	36	60	95	S
1	6	0	0	0	0	0	0	3150	4950	-1	
2	6	1	0	0	0	2306	290	509	81	-1	
3	6	1	1	0	0	2306	290	509	81	-1	
4	6	1	1	1	0	2306	290	509	81	-1	
5	6	1	1	1	1	2306	304	98	61	93	US
5	6	1	1	1	2	2434	294	309	77	87	D449,645
5	6	1	1	1	3	2777	290	38	61	94	S
2	6	2	0	0	0	1532	330	344	63	-1	
3	6	2	1	0	0	1532	330	344	63	-1	
4	6	2	1	1	0	1532	330	344	63	-1	
5	6	2	1	1	1	1532	339	155	54	95	Sheet
5	6	2	1	1	2	1712	336	28	50	96	5
5	6	2	1	1	3	1770	330	57	54	95	of
5	6	2	1	1	4	1848	332	28	49	96	5
2	6	3	0	0	0	976	346	371	70	-1	
3	6	3	1	0	0	976	346	371	70	-1	
4	6	3	1	1	0	976	346	371	70	-1	
5	6	3	1	1	1	976	358	118	52	94	Oct.
5	6	3	1	1	2	1116	352	82	64	96	23,
5	6	3	1	1	3	1218	346	129	56	95	2001
2	6	4	0	0	0	277	348	495	86	-1	
3	6	4	1	0	0	277	348	495	86	-1	
4	6	4	1	1	0	277	348	495	86	-1	
5	6	4	1	1	1	277	352	175	82	94	U.S.
5	6	4	1	1	2	490	348	282	77	94	Patent
2	6	5	0	0	0	2741	2127	25	718	-1	
3	6	5	1	0	0	2741	2127	25	718	-1	
4	6	5	1	1	0	2741	2127	25	718	-1	
5	6	5	1	1	1	2741	2127	25	718	95	 
2	6	6	0	0	0	2008	1413	282	2208	-1	
3	6	6	1	0	0	2008	1413	282	2208	-1	
4	6	6	1	1	0	2008	1413	282	2208	-1	
5	6	6	1	1	1	2008	1413	282	2208	95	 
2	6	7	0	0	0	2111	2586	18	459	-1	
3	6	7	1	0	0	2111	2586	18	459	-1	
4	6	7	1	1	0	2111	2586	18	459	-1	
5	6	7	1	1	1	2111	2586	10	11	64	z
5	6	7	1	1	2	2112	2608	9	11	83	2
5	6	7	1	1	3	2112	2633	10	11	72	a
5	6	7	1	1	4	2112	2657	9	12	41	2
5	6	7	1	1	5	2113	2681	9	11	56	#
5	6	7	1	1	6	2113	2704	9	11	72	a
5	6	7	1	1	7	2114	2727	8	11	59	a
5	6	7	1	1	8	2114	2752	10	10	57	7
5	6	7	1	1	9	2114	2774	10	12	62	a
5	6	7	1	1	10	2116	2798	8	12	62	a
5	6	7	1	1	11	2116	2821	9	12	41	o
5	6	7	1	1	12	2116	2843	9	13	63	2
5	6	7	1	1	13	2117	2868	10	13	56	9
5	6	7	1	1	14	2117	2893	8	11	51	a
5	6	7	1	1	15	2118	2917	10	10	72	9
5	6	7	1	1	16	2118	2939	9	11	50	9
5	6	7	1	1	17	2120	2962	8	12	47	2
5	6	7	1	1	18	2120	2986	8	12	56	9
5	6	7	1	1	19	2121	3011	8	11	34	9
5	6	7	1	1	20	2121	3034	8	11	58	2
2	6	8	0	0	0	2049	1509	90	2146	-1	
3	6	8	1	0	0	2044	1468	95	2187	-1	
4	6	8	1	1	0	2049	1509	90	2146	-1	
5	6	8	1	1	1	2065	2166	74	1489	46	x'(x!(x'x'(\'\'<\{Vi\\:\\\\\\\\\\\\\‘\\\\\\\\i\\\i\§§i§§i§§§§\\§'\§\4\i
2	6	9	0	0	0	0	2797	0	304	-1	
3	6	9	1	0	0	0	2797	0	304	-1	
4	6	9	1	1	0	0	2797	0	304	-1	
5	6	9	1	1	1	0	2797	0	304	95	   
2	6	10	0	0	0	1846	1599	112	1820	-1	
3	6	10	1	0	0	1846	1599	112	1820	-1	
4	6	10	1	1	0	1846	1599	112	1820	-1	
5	6	10	1	1	1	1846	1599	112	1820	95	 
2	6	11	0	0	0	1482	2156	23	721	-1	
3	6	11	1	0	0	1482	2156	23	721	-1	
4	6	11	1	1	0	1482	2156	23	721	-1	
5	6	11	1	1	1	1482	2156	23	721	95	 
2	6	12	0	0	0	588	1404	439	2286	-1	
3	6	12	1	0	0	588	1404	439	2286	-1	
4	6	12	1	1	0	588	1404	439	2286	-1	
5	6	12	1	1	1	588	1404	439	2286	95	 
2	6	13	0	0	0	536	1596	149	1918	-1	
3	6	13	1	0	0	536	1596	149	1918	-1	
4	6	13	1	1	0	536	1596	149	1918	-1	
5	6	13	1	1	1	536	1596	149	1918	95	 
2	6	14	0	0	0	547	1901	116	1613	-1	
3	6	14	1	0	0	547	1901	116	1613	-1	
4	6	14	1	1	0	547	1901	116	1613	-1	
5	6	14	1	1	1	547	1901	116	1613	95	 
